[{"_allAttributes":null,"_properties":null,"_methods":null,"file":"c:/Users/mike.rihm/OneDrive - Slalom/Documents/vsCode Projects/kycLookuptoolLWCV2/force-app/main/default/lwc/kycLookupToolV2/kycLookupToolV2.js","metadata":{"decorators":[{"type":"track","targets":[{"name":"columns","type":"property"},{"name":"data","type":"property"}]}],"declarationLoc":{"start":{"line":10,"column":0},"end":{"line":62,"column":1}},"classMembers":[{"type":"property","name":"error","loc":{"start":{"line":13,"column":4},"end":{"line":13,"column":10}}},{"type":"property","name":"isLoaded","loc":{"start":{"line":14,"column":4},"end":{"line":14,"column":21}}},{"type":"property","name":"strMessage","loc":{"start":{"line":15,"column":4},"end":{"line":15,"column":20}}},{"type":"property","name":"columns","loc":{"start":{"line":16,"column":4},"end":{"line":16,"column":29}},"decorator":"track"},{"type":"property","name":"data","loc":{"start":{"line":17,"column":4},"end":{"line":17,"column":16}},"decorator":"track"},{"type":"property","name":"acceptedFormats","loc":{"start":{"line":20,"column":4},"end":{"line":22,"column":5}}},{"type":"method","name":"uploadFileHandler","loc":{"start":{"line":24,"column":4},"end":{"line":61,"column":5}}}],"exports":[{"type":"ExportDefaultDeclaration"}]},"updatedAt":"2022-06-02T18:14:11.438Z"}]